id,brand,model,price,ram,storage,processor,benchmark,camera_main,camera_front,ois,battery,charging,display_type,display_size,refresh_rate,five_g,updates_years,operating_system,source,product_url,last_updated
1001,Samsung,Galaxy A16 5G,18999,8,128,Exynos 1330,500,50,13,0,5000,25,Super AMOLED,6.7,90,1,6,Android 14,India-market reference; indicative launch price not a live retailer quote,https://www.samsung.com/in/smartphones/galaxy-a/galaxy-a16-5g/,2026-10-03
1002,Samsung,Galaxy M35 5G,19999,8,128,Exynos 1380,650,50,13,1,6000,25,Super AMOLED,6.6,120,1,4,Android 14,India-market reference; indicative launch price not a live retailer quote,https://www.samsung.com/in/smartphones/galaxy-m/galaxy-m35-5g/,2026-10-03
1003,Samsung,Galaxy A56 5G,41999,8,128,Exynos 1580,1050,50,12,1,5000,45,Super AMOLED,6.7,120,1,6,Android 15,India-market reference; indicative launch price not a live retailer quote,https://www.samsung.com/in/smartphones/galaxy-a/galaxy-a56-5g/,2026-10-03
1004,Samsung,Galaxy S24 FE,59999,8,128,Exynos 2400e,1550,50,10,1,4700,25,Dynamic AMOLED 2X,6.7,120,1,7,Android 14,India-market reference; indicative launch price not a live retailer quote,https://www.samsung.com/in/smartphones/galaxy-s/galaxy-s24-fe/,2026-10-03
1005,Apple,iPhone 16e,59900,8,128,Apple A18,1550,48,12,1,4005,20,OLED,6.1,60,1,7,iOS 18,India-market reference; indicative launch price not a live retailer quote,https://www.apple.com/in/iphone-16e/,2026-10-03
1006,Apple,iPhone 16,79900,8,128,Apple A18,1600,48,12,1,3561,25,OLED,6.1,60,1,7,iOS 18,India-market reference; indicative launch price not a live retailer quote,https://www.apple.com/in/iphone-16/,2026-10-03
1007,Nokia,G42 5G,12999,6,128,Snapdragon 480+,350,50,8,0,5000,20,IPS LCD,6.56,90,1,2,Android 13,India-market reference; indicative launch price not a live retailer quote,https://www.hmd.com/en_int/nokia-g42-5g,2026-10-03
1008,Redmi,14C 5G,10999,4,128,Snapdragon 4 Gen 2,550,50,8,0,5160,18,IPS LCD,6.88,120,1,2,Android 14,India-market reference; indicative launch price not a live retailer quote,https://www.mi.com/in/product/redmi-14c-5g/,2026-10-03
1009,Redmi,Note 14 5G,19999,8,128,Dimensity 7025-Ultra,760,50,20,1,5110,45,AMOLED,6.67,120,1,3,Android 14,India-market reference; indicative launch price not a live retailer quote,https://www.mi.com/in/product/redmi-note-14-5g/,2026-10-03
1010,OnePlus,Nord CE4 Lite 5G,19999,8,128,Snapdragon 695,540,50,16,1,5500,80,AMOLED,6.67,120,1,2,Android 14,India-market reference; indicative launch price not a live retailer quote,https://www.oneplus.in/oneplus-nord-ce4-lite-5g,2026-10-03
1011,OnePlus,13R,42999,12,256,Snapdragon 8 Gen 3,1750,50,16,1,6000,80,AMOLED,6.78,120,1,4,Android 15,India-market reference; indicative launch price not a live retailer quote,https://www.oneplus.in/13r,2026-10-03
1012,Vivo,T4x 5G,13999,6,128,Dimensity 7300,780,50,8,0,6500,44,IPS LCD,6.72,120,1,2,Android 15,India-market reference; indicative launch price not a live retailer quote,https://www.vivo.com/in/products/t4x,2026-10-03
1013,Vivo,V50,34999,8,128,Snapdragon 7 Gen 3,980,50,50,1,6000,90,AMOLED,6.77,120,1,4,Android 15,India-market reference; indicative launch price not a live retailer quote,https://www.vivo.com/in/products/v50,2026-10-03
1014,OPPO,K13 5G,17999,8,128,Snapdragon 6 Gen 4,790,50,16,0,7000,80,AMOLED,6.67,120,1,2,Android 15,India-market reference; indicative launch price not a live retailer quote,https://www.oppo.com/in/smartphones/series-k/k13-5g/,2026-10-03
1015,realme,P3 5G,16999,8,128,Snapdragon 6 Gen 4,800,50,16,0,6000,45,AMOLED,6.67,120,1,2,Android 15,India-market reference; indicative launch price not a live retailer quote,https://www.realme.com/in/realme-p3-5g,2026-10-03
1016,Motorola,G85 5G,17999,8,128,Snapdragon 6s Gen 3,620,50,32,1,5000,33,pOLED,6.67,120,1,2,Android 14,India-market reference; indicative launch price not a live retailer quote,https://www.motorola.in/smartphones-moto-g85-5g/p,2026-10-03
1017,Motorola,Edge 50 Fusion,22999,8,128,Snapdragon 7s Gen 2,760,50,32,1,5000,68,pOLED,6.7,144,1,3,Android 14,India-market reference; indicative launch price not a live retailer quote,https://www.motorola.in/smartphones-motorola-edge-50-fusion/p,2026-10-03
1018,Nothing,Phone (2a),23999,8,128,Dimensity 7200 Pro,780,50,32,1,5000,45,AMOLED,6.7,120,1,3,Android 14,India-market reference; indicative launch price not a live retailer quote,https://in.nothing.tech/products/phone-2a,2026-10-03
1019,Google,Pixel 8a,52999,8,128,Google Tensor G3,1250,64,13,1,4492,18,OLED,6.1,120,1,7,Android 14,India-market reference; indicative launch price not a live retailer quote,https://store.google.com/in/product/pixel_8a,2026-10-03
1020,iQOO,Z9x 5G,14499,6,128,Snapdragon 6 Gen 1,650,50,8,0,6000,44,IPS LCD,6.72,120,1,2,Android 14,India-market reference; indicative launch price not a live retailer quote,https://www.iqoo.com/in/products/z9x,2026-10-03
